Control cell index,On Control Peak,Off Control Peak,On MFA Peak,Off MFA Peak,Ratio Control Peak,Ratio MFA Peak,On Control Spikes,Off Control Spikes,On MFA Spikes,Off MFA Spikes,Ratio Control Spikes,Ratio MFA Spikes,,
1,17.34,17.9,22.5,21.6,1.032295271,0.96,9.5,16,4.5,4,1.684210526,0.888888889,,
2,15.66,15.52,6.51,5.17,0.991060026,0.794162826,7,3.71,3.83,1.5,0.53,0.391644909,,
3,17.83,19.7,16.86,16.44,1.104879417,0.975088968,12.1,21.6,5.29,5.57,1.785123967,1.052930057,,