FminiON cell index,On Control Peak,Off Control Peak,On ablation Peak,Off ablation Peak,Ratio Control Peak,Ratio ablation Peak,On Control Spikes,Off Control Spikes,On ablation Spikes,Off ablation Spikes,Ratio Control Spikes,Ratio ablation Spikes
1,24.52,20.00,19.82,1.04,0.815750723,0.052305224,8.60,1.80,7.00,0.00,0.209302326,0
2,34.2638,33.3847,26.9617,0.89352,0.974343184,0.033140344,15.40,11.20,12.20,0.00,0.727272727,0
3,30.8299,23.7753,26.3694,4.5835,0.771176682,0.173818896,11.00,5.50,12.50,0.00,0.5,0
4,19.72,21.16,13.89,4.34,1.073174442,0.312455004,9.50,7.00,6.50,0.00,0.736842105,0
5,25.78,24.49,21.48,4.82,0.949879742,0.224255121,11.50,5.00,5.00,0.00,0.434782609,0
6,21.5759,19.7591,26.1888,7.613,0.915794938,0.290696786,10.83,6.50,10.00,0.11,0.600184672,0.0111