FminiON cell index,On Control Peak,Off Control Peak,On MFA Peak,Off MFA Peak,Ratio Control Peak,Ratio MFA Peak,On Control Spikes,Off Control Spikes,On MFA Spikes,Off MFA Spikes,Ratio Control Spikes,Ratio MFA Spikes,baselineControl,baselineMFA
1,25.3252,23.9809,25.3276,-0.35827,0.946918484,-0.014145438,13,1.96,4.4,0,0.150769231,0,-62,-68
2,23.1502,22.574,23.8897,2.336,0.975110366,0.097782726,9.5,4,7.5,0,0.421052632,0,-60,-65
3,30.694,8.6273,19.9547,1.0719,0.281074477,0.053716668,10,0,1.333,0,0,0,-65,-74
4,21.93,18.7125,23.04,1.952,0.853283174,0.084722222,10,6,7,0,0.6,0,-60,-59
5,21.76,12,24.47,0,0.551470588,0,7.625,0.5,6,0,0.06557377,0,-58,-61
6,28.55,16.83,27.52,4.34,0.589492119,0.157703488,10,1,5.5,0,0.1,0,-61,-70